{
  "entities": {
    "categories": [
      {
        "horror": {
          "id": 1,
          "label": "Terror"
        },
        "comedy": {
          "id": 2,
          "label": "Comedia"
        },
        "drama": {
          "id": 3,
          "label": "Drama"
        }
      }
    ],
    "edition": [
      {
        "print": {
          "id": 1,
          "label": "Impreso"
        },
        "digital": {
          "id": 2,
          "label": "Digital"
        },
        "both": {
          "id": 3,
          "label": "Impreso y Digital"
        }
      }
    ],
    "lang": [
      {
        "ENG": {
          "id": 1,
          "label": "Inglés"
        },
        "ESP": {
          "id": 2,
          "label": "Español"
        },
        "PRT": {
          "id": 3,
          "label": "Portugüés"
        }
      }
    ],
    "saved": [
      {
        "url": "/#/horror",
        "label": "terror puro"
      },
      {
        "url": "/#/drama",
        "label": "search drama"
      },
      {
        "url": "/#/comedia-ingles",
        "label": "comedias en ingles"
      }
    ]
  },
  "data": [
    {
      "id": "e4462416-ee7b-4101-ac03-ae1025ee9e32",
      "title": "Devil At The Catacombs",
      "teaser": "Et porro recusandae labore cum labore esse aperiam. Aut id dolorum praesentium quidem eveniet optio quas cupiditate dolorem. Cupiditate vel animi nulla aspernatur nemo.",
      "categories": [
        "horror"
      ],
      "lang": [
        2,
        3
      ],
      "image": "http://dummyimage.com/150x150/DDDDDD/000000/&text=Devil At The Catacombs",
      "date_pub": "2/19/2017",
      "mode": [
        2
      ]
    },
    {
      "id": "b42fbd10-8b35-49b9-8b88-81e58e411576",
      "title": "Angels Without A Mouth",
      "teaser": "Autem et ab commodi dolor magni quo aspernatur cum aspernatur. Sed ullam blanditiis qui. Sequi saepe ut blanditiis architecto hic deserunt ullam et. Repellat quia earum ea eveniet facilis aperiam temporibus deleniti. Aliquam id voluptatem reprehenderit laudantium deleniti inventore rerum non culpa. Aut sint maxime illum quia.",
      "categories": [
        "horror"
      ],
      "lang": [
        1,
        2
      ],
      "image": "http://dummyimage.com/150x150/DDDDDD/000000/&text=Angels Without A Mouth",
      "date_pub": "2/14/2017",
      "mode": [
        3
      ]
    },
    {
      "id": "f814e767-9b8b-4302-ad20-f32a7a200809",
      "title": "Fish Looking At Me",
      "teaser": "Laboriosam quasi deserunt cum quos sapiente recusandae est quo. Omnis et quia officia eaque et eos eius. Consequatur molestias et libero amet natus ipsa illo excepturi architecto. Est ut eligendi doloremque. Explicabo ullam occaecati odit nostrum facere et eaque. Autem qui delectus.",
      "categories": [
        "horror"
      ],
      "lang": [
        2,
        3
      ],
      "image": "http://dummyimage.com/150x150/DDDDDD/000000/&text=Fish Looking At Me",
      "date_pub": "2/16/2017",
      "mode": [
        2
      ]
    },
    {
      "id": "d88a1e26-a06e-4a97-9537-baf65d7eaac0",
      "title": "Foreigners And Hunters",
      "teaser": "Minus velit fugit. Qui eum maxime mollitia at maxime. Ratione officiis dolor a tempore vero. Est ex fugiat nostrum ut veritatis ipsa pariatur saepe animi. Temporibus est ut voluptate sunt possimus vel asperiores quibusdam quod.",
      "categories": [
        "horror"
      ],
      "lang": [
        3,
        2
      ],
      "image": "http://dummyimage.com/150x150/DDDDDD/000000/&text=Foreigners And Hunters",
      "date_pub": "2/14/2017",
      "mode": [
        2,
        1
      ]
    },
    {
      "id": "8163a1b9-06de-4e8c-9afa-4c49537738c0",
      "title": "Zombies And Horses",
      "teaser": "Necessitatibus laudantium nesciunt a qui. Tenetur recusandae excepturi. Nemo neque nobis voluptatem consequatur quam quis autem. Deleniti cumque hic nesciunt nemo ipsam nisi amet dignissimos.",
      "categories": [
        "horror"
      ],
      "lang": [
        2
      ],
      "image": "http://dummyimage.com/150x150/DDDDDD/000000/&text=Zombies And Horses",
      "date_pub": "3/1/2017",
      "mode": [
        1,
        2
      ]
    },
    {
      "id": "e0a431b7-191c-4b77-9361-9b0d58b8c953",
      "title": "Temptation Hiding From Me",
      "teaser": "Deleniti consectetur deserunt consequuntur labore nostrum porro corporis eligendi. Voluptas eos provident et repellat neque quis non non. Similique vel alias. Quidem consequatur itaque quia. Beatae excepturi ad et commodi quasi delectus voluptates voluptas modi. Velit exercitationem dolore ullam assumenda.",
      "categories": [
        "horror"
      ],
      "lang": [
        2,
        1
      ],
      "image": "http://dummyimage.com/150x150/DDDDDD/000000/&text=Temptation Hiding From Me",
      "date_pub": "2/28/2017",
      "mode": [
        1,
        2
      ]
    },
    {
      "id": "be4f8bf8-306d-47e5-acb7-d1b3b576f731",
      "title": "Working In My Nightmares",
      "teaser": "Officiis amet molestiae magnam consequatur. Consectetur animi provident et aut molestiae quos. Illo consequatur occaecati ad non ullam. Dolore voluptatem aut dolorem consequatur iure commodi ipsam et. Aut et architecto.",
      "categories": [
        "horror"
      ],
      "lang": [
        2
      ],
      "image": "http://dummyimage.com/150x150/DDDDDD/000000/&text=Working In My Nightmares",
      "date_pub": "2/20/2017",
      "mode": [
        2
      ]
    },
    {
      "id": "3c32b94d-56fd-48fa-b8ea-762423845e20",
      "title": "Miserable Until The Light",
      "teaser": "Cumque aut sed repellat sint occaecati. Est eveniet qui. Quo enim saepe suscipit. Voluptates non modi dolor eum rerum minus rerum facilis itaque.",
      "categories": [
        "horror"
      ],
      "lang": [
        1,
        3
      ],
      "image": "http://dummyimage.com/150x150/DDDDDD/000000/&text=Miserable Until The Light",
      "date_pub": "3/1/2017",
      "mode": [
        1
      ]
    },
    {
      "id": "225ec0db-bcd4-4d12-abb4-1e4fbbb264c5",
      "title": "Sweating In The Dark",
      "teaser": "In ut provident autem nihil omnis. Vero labore ullam hic aut ratione natus non ratione. Labore aspernatur harum praesentium earum fuga vel ratione. Suscipit nobis earum tempore quis consectetur sequi veniam eligendi.",
      "categories": [
        "horror"
      ],
      "lang": [
        3,
        1
      ],
      "image": "http://dummyimage.com/150x150/DDDDDD/000000/&text=Sweating In The Dark",
      "date_pub": "6/17/2016",
      "mode": [
        2
      ]
    },
    {
      "id": "ef085fe4-04c4-46af-aef1-2b9b20a4c9ba",
      "title": "Mutant Without A Mouth",
      "teaser": "Dicta corrupti et facilis maiores ut id. Fugit et architecto nostrum sed repellendus et. Quia non dicta.",
      "categories": [
        "horror"
      ],
      "lang": [
        3
      ],
      "image": "http://dummyimage.com/150x150/DDDDDD/000000/&text=Mutant Without A Mouth",
      "date_pub": "10/11/2016",
      "mode": [
        3
      ]
    },
    {
      "id": "a349b057-a27a-4266-b179-396847e832f4",
      "title": "Butcher At The Catacombs",
      "teaser": "Voluptatem rem eaque magni occaecati. Vel accusantium possimus ratione quos quia nesciunt molestiae. Assumenda veritatis repudiandae sunt vel. Quaerat occaecati ut illum.",
      "categories": [
        "horror"
      ],
      "lang": [
        3,
        1
      ],
      "image": "http://dummyimage.com/150x150/DDDDDD/000000/&text=Butcher At The Catacombs",
      "date_pub": "2/28/2017",
      "mode": [
        1,
        2
      ]
    },
    {
      "id": "494e0362-10be-44f2-b71b-887269f88e0d",
      "title": "Freaks Who Stare",
      "teaser": "Est tempora esse quae natus praesentium aliquid porro omnis. Ad iusto dicta et velit aliquid officiis quae placeat harum. Eos magnam nesciunt sed aut tempore. Nam eveniet ipsam non vel illo. Corporis rerum qui nam dolores exercitationem ipsa. Sed consequatur natus.",
      "categories": [
        "horror"
      ],
      "lang": [
        1
      ],
      "image": "http://dummyimage.com/150x150/DDDDDD/000000/&text=Freaks Who Stare",
      "date_pub": "2/21/2017",
      "mode": [
        3
      ]
    },
    {
      "id": "5c0bdeac-b53c-48f3-b297-59c843a7179c",
      "title": "Wives Who Smiles",
      "teaser": "Doloribus vel neque dolore incidunt eos iure consequuntur possimus non. Eum enim et velit tempora quam omnis assumenda. Praesentium qui ut sit quisquam iusto vel vel cum.",
      "categories": [
        "horror"
      ],
      "lang": [
        1,
        2
      ],
      "image": "http://dummyimage.com/150x150/DDDDDD/000000/&text=Wives Who Smiles",
      "date_pub": "2/28/2017",
      "mode": [
        1
      ]
    },
    {
      "id": "4cb4bb8e-0e29-4027-9d5f-9a1effb07580",
      "title": "Creatures And Owls",
      "teaser": "Provident cumque saepe esse impedit nostrum temporibus. Quos amet optio est omnis. Non excepturi enim dolor. Non aliquid veniam ea minus minima. In doloremque fuga omnis mollitia.",
      "categories": [
        "horror"
      ],
      "lang": [
        1,
        2
      ],
      "image": "http://dummyimage.com/150x150/DDDDDD/000000/&text=Creatures And Owls",
      "date_pub": "2/28/2017",
      "mode": [
        1
      ]
    },
    {
      "id": "962f5390-03d7-4c95-9a58-b51934b2528d",
      "title": "Wolves And Colleagues",
      "teaser": "Libero eaque accusantium dolorem et odio vel ut est. Magnam recusandae voluptatum dicta nisi harum fuga. Ut libero quia ea itaque omnis et saepe delectus. Debitis labore ratione ea sint voluptas sed id dolorum. Dolorem incidunt magnam.",
      "categories": [
        "horror"
      ],
      "lang": [
        1,
        3
      ],
      "image": "http://dummyimage.com/150x150/DDDDDD/000000/&text=Wolves And Colleagues",
      "date_pub": "2/28/2017",
      "mode": [
        2
      ]
    },
    {
      "id": "51758ec8-d2a8-475e-86d2-f1b953fbb247",
      "title": "Shadows In My Dreams",
      "teaser": "Fugiat sunt molestiae nam provident non ad aut enim. Eum est reiciendis eum. Soluta qui voluptatibus veritatis.",
      "categories": [
        "horror"
      ],
      "lang": [
        2
      ],
      "image": "http://dummyimage.com/150x150/DDDDDD/000000/&text=Shadows In My Dreams",
      "date_pub": "8/20/2016",
      "mode": [
        2
      ]
    },
    {
      "id": "f790accb-08eb-4af5-8738-977e99558ccf",
      "title": "Shadows In The Crypts",
      "teaser": "Esse dolores quis ea. Aut voluptatem voluptatem. Qui molestiae molestiae occaecati nisi quaerat fuga corporis qui et.",
      "categories": [
        "horror"
      ],
      "lang": [
        2
      ],
      "image": "http://dummyimage.com/150x150/DDDDDD/000000/&text=Shadows In The Crypts",
      "date_pub": "2/12/2017",
      "mode": [
        1
      ]
    },
    {
      "id": "a7a4e6cd-a620-442c-b77f-682aab688c13",
      "title": "Wretched In The Night",
      "teaser": "Non fugiat ducimus est provident labore pariatur nemo. Optio et sunt delectus quisquam. Laboriosam aperiam culpa accusantium ratione voluptatum ea non in. Numquam ipsa quia reprehenderit voluptatibus est. Quo doloribus omnis ut aspernatur suscipit voluptatem recusandae debitis.",
      "categories": [
        "horror"
      ],
      "lang": [
        1,
        3
      ],
      "image": "http://dummyimage.com/150x150/DDDDDD/000000/&text=Wretched In The Night",
      "date_pub": "2/21/2017",
      "mode": [
        1,
        2
      ]
    },
    {
      "id": "fb69d497-c200-4597-98a0-2f485306c675",
      "title": "Rotten In The Light",
      "teaser": "Ex et nihil temporibus quis natus rerum voluptatem. Voluptatem aspernatur possimus ut reiciendis consequuntur deleniti consequuntur. Ut quibusdam optio doloribus vel et quo culpa. Autem ut dolores quaerat delectus veritatis ratione. Mollitia dolorem ut beatae rerum blanditiis unde quasi consequuntur repellat. Et laboriosam ad ut voluptates iste voluptatem.",
      "categories": [
        "horror"
      ],
      "lang": [
        2
      ],
      "image": "http://dummyimage.com/150x150/DDDDDD/000000/&text=Rotten In The Light",
      "date_pub": "7/15/2016",
      "mode": [
        2,
        1
      ]
    },
    {
      "id": "45ee0732-8968-4002-be7d-7fc99dbd718c",
      "title": "Companion Program",
      "teaser": "Blanditiis unde provident. Est consequuntur id quibusdam atque culpa magnam. Consequatur ut autem nisi velit consequatur qui dolor voluptates. Nesciunt totam suscipit sed ad minus officiis ipsa quo fuga. Ratione voluptatem asperiores quia qui voluptas et quae.",
      "categories": [
        "comedy"
      ],
      "lang": [
        2,
        1
      ],
      "image": "http://dummyimage.com/150x150/DDDDDD/000000/&text=Companion Program",
      "date_pub": "8/21/2016",
      "mode": [
        2
      ]
    },
    {
      "id": "6bc70195-ae44-47b3-9596-836a970cefe0",
      "title": "Jester Can Dance",
      "teaser": "Quis voluptates autem quidem. Eum itaque rerum veritatis perferendis earum rerum molestias soluta eum. Quia dolor autem ut corporis amet. Doloremque reiciendis quas. Eos voluptatibus voluptatem. Quos nisi ad voluptates enim voluptas nobis adipisci eaque sequi.",
      "categories": [
        "comedy"
      ],
      "lang": [
        2,
        3
      ],
      "image": "http://dummyimage.com/150x150/DDDDDD/000000/&text=Jester Can Dance",
      "date_pub": "2/19/2017",
      "mode": [
        1
      ]
    },
    {
      "id": "ddd6badf-5c26-422c-b080-cc0f77d74967",
      "title": "Angel Without A Voice",
      "teaser": "Sunt minima praesentium consequatur et est illum impedit aliquam. Consequuntur esse excepturi dolorem sed omnis necessitatibus eos repellat. Quas alias voluptas enim.",
      "categories": [
        "comedy"
      ],
      "lang": [
        3,
        1
      ],
      "image": "http://dummyimage.com/150x150/DDDDDD/000000/&text=Angel Without A Voice",
      "date_pub": "2/28/2017",
      "mode": [
        1
      ]
    },
    {
      "id": "042ff2c1-63ee-4bfe-a4f7-f03dcd63096d",
      "title": "Serpent Of Stunts",
      "teaser": "Qui ipsa ab deserunt et nihil. Beatae eum sunt non magni deserunt ea. Consequuntur et non deleniti quo consectetur. Facilis reprehenderit recusandae quis porro ratione atque animi. Est qui ratione et. Quia ut sunt commodi enim aut consequatur quia.",
      "categories": [
        "comedy"
      ],
      "lang": [
        2,
        3
      ],
      "image": "http://dummyimage.com/150x150/DDDDDD/000000/&text=Serpent Of Stunts",
      "date_pub": "2/25/2017",
      "mode": [
        2
      ]
    },
    {
      "id": "a79f1e15-62ba-404c-82a0-f28b49172eee",
      "title": "Foreigner And Fool",
      "teaser": "Voluptatem voluptatem dicta repellat sint minima voluptas in. Fugiat sit autem. Minima in ut autem ipsum. Ad cupiditate veritatis voluptatibus numquam rerum. Possimus qui autem sit dolorem qui ex ab.",
      "categories": [
        "comedy"
      ],
      "lang": [
        3,
        2
      ],
      "image": "http://dummyimage.com/150x150/DDDDDD/000000/&text=Foreigner And Fool",
      "date_pub": "3/1/2017",
      "mode": [
        1
      ]
    },
    {
      "id": "c7c20f79-bee7-4a21-88e6-f090a12de165",
      "title": "Angel And Butcher",
      "teaser": "Nam inventore eos illum sint ut cum perferendis. Ipsam qui perspiciatis occaecati et ducimus aliquid. Corrupti laboriosam vel expedita voluptatem. Consequuntur voluptates ipsum qui neque ut impedit rerum provident. Voluptatem ut perspiciatis perspiciatis quis suscipit. Iure eum quaerat in qui rerum harum ut.",
      "categories": [
        "comedy"
      ],
      "lang": [
        2
      ],
      "image": "http://dummyimage.com/150x150/DDDDDD/000000/&text=Angel And Butcher",
      "date_pub": "2/22/2017",
      "mode": [
        1
      ]
    },
    {
      "id": "0ecfb111-63b9-4e4a-b468-774274588856",
      "title": "Whispers Arrangement",
      "teaser": "Commodi quis illum ex sint odit nihil molestiae ea. Tempora laboriosam itaque sequi accusamus asperiores qui in dolore aut. Quia molestiae odit cum in minima alias. A dolorem similique cumque reprehenderit ipsam vero sunt nostrum.",
      "categories": [
        "comedy"
      ],
      "lang": [
        1,
        2
      ],
      "image": "http://dummyimage.com/150x150/DDDDDD/000000/&text=Whispers Arrangement",
      "date_pub": "2/23/2017",
      "mode": [
        3
      ]
    },
    {
      "id": "afa7262b-da87-4c13-aa9a-f481c87fc066",
      "title": "Spoofs Adventure",
      "teaser": "Aperiam et consectetur fuga quis provident qui hic odit. Repellat eum consequatur voluptas ut exercitationem illo ipsum. Est hic mollitia fugit dolore provident repellat. Inventore vitae dolores. Saepe aut et facere maxime.",
      "categories": [
        "comedy"
      ],
      "lang": [
        3,
        1
      ],
      "image": "http://dummyimage.com/150x150/DDDDDD/000000/&text=Spoofs Adventure",
      "date_pub": "2/7/2017",
      "mode": [
        2,
        1
      ]
    },
    {
      "id": "923b0d1e-9d34-409f-909f-7acb5d81fc70",
      "title": "Impressed By Traditions",
      "teaser": "Deleniti rem vel illo doloribus. Ex beatae quam. Ducimus sit dolores est qui porro numquam voluptatem odio inventore. Beatae provident dolore odio quis ipsa reprehenderit omnis architecto. Architecto doloremque ea qui fugiat explicabo. Dignissimos voluptatem fuga iure blanditiis aut nemo voluptatibus corporis corrupti.",
      "categories": [
        "comedy"
      ],
      "lang": [
        1,
        3
      ],
      "image": "http://dummyimage.com/150x150/DDDDDD/000000/&text=Impressed By Traditions",
      "date_pub": "2/7/2017",
      "mode": [
        3
      ]
    },
    {
      "id": "25fd382f-f491-44ea-b08f-a46269568e9c",
      "title": "Weight Of My Sister",
      "teaser": "Quod pariatur voluptas. Consequatur in qui et dignissimos maiores similique voluptate. Ullam adipisci facilis nisi in consectetur vel. Assumenda aspernatur doloribus nobis quia blanditiis impedit asperiores. Iusto reiciendis a vitae dolorum officiis ea.",
      "categories": [
        "comedy"
      ],
      "lang": [
        2
      ],
      "image": "http://dummyimage.com/150x150/DDDDDD/000000/&text=Weight Of My Sister",
      "date_pub": "2/20/2017",
      "mode": [
        2,
        1
      ]
    },
    {
      "id": "9be42767-2d0d-479f-a5e0-809790731376",
      "title": "Harlequin Of Parody",
      "teaser": "Temporibus aut eos dolor ad enim et assumenda molestiae quo. Illum quisquam sequi vitae maxime tempore aut quae corporis et. Voluptas eos et. Qui ducimus veritatis ullam consequatur ullam error consectetur pariatur. Vel aut blanditiis velit. Commodi voluptas ipsa.",
      "categories": [
        "comedy"
      ],
      "lang": [
        3
      ],
      "image": "http://dummyimage.com/150x150/DDDDDD/000000/&text=Harlequin Of Parody",
      "date_pub": "3/1/2017",
      "mode": [
        1
      ]
    },
    {
      "id": "440808aa-0953-4f9d-b608-d5f5f498782e",
      "title": "Thief From The Mountains",
      "teaser": "Et quia reprehenderit deleniti sapiente dolor deserunt est. Omnis sapiente sit sed. Et error voluptatem. Fugit molestiae nihil velit dolores excepturi provident qui dolorem. Deleniti repellendus aliquid et architecto eligendi.",
      "categories": [
        "comedy"
      ],
      "lang": [
        1,
        2
      ],
      "image": "http://dummyimage.com/150x150/DDDDDD/000000/&text=Thief From The Mountains",
      "date_pub": "2/4/2017",
      "mode": [
        1,
        2
      ]
    },
    {
      "id": "e254ee85-af4e-4511-bf67-aee1ee8be173",
      "title": "Queen Of Parody",
      "teaser": "Illum quis aut et deleniti et asperiores aut dolores quae. Ea placeat rerum id a. Quos quia nam qui.",
      "categories": [
        "comedy"
      ],
      "lang": [
        3,
        1
      ],
      "image": "http://dummyimage.com/150x150/DDDDDD/000000/&text=Queen Of Parody",
      "date_pub": "4/4/2016",
      "mode": [
        1,
        2
      ]
    },
    {
      "id": "8f8d3ce4-f5df-4dfd-af6f-136aa466be97",
      "title": "Horse Can Cook",
      "teaser": "Velit voluptate impedit quos suscipit ratione adipisci nam dolor. Architecto sunt repellat. Molestiae tempore qui qui exercitationem repellendus error illo ea non. Temporibus voluptatem officia architecto. Sed quia minima et maxime tempore ipsum.",
      "categories": [
        "comedy"
      ],
      "lang": [
        1
      ],
      "image": "http://dummyimage.com/150x150/DDDDDD/000000/&text=Horse Can Cook",
      "date_pub": "2/28/2017",
      "mode": [
        1,
        2
      ]
    },
    {
      "id": "b27bc066-0f3c-4684-869a-f75ad097ed79",
      "title": "Buffoon And Soldier",
      "teaser": "Labore dignissimos id quis illum repudiandae aut. Enim delectus ut eligendi velit quia possimus quisquam et quia. Quia et sit vel sunt. Sed et explicabo commodi.",
      "categories": [
        "comedy"
      ],
      "lang": [
        3,
        1
      ],
      "image": "http://dummyimage.com/150x150/DDDDDD/000000/&text=Buffoon And Soldier",
      "date_pub": "3/1/2017",
      "mode": [
        2
      ]
    },
    {
      "id": "7680e3aa-0cab-47eb-877f-9b378824377d",
      "title": "Harlequin And Angel",
      "teaser": "Distinctio suscipit perferendis minima reprehenderit recusandae ut. Accusantium dignissimos facilis et neque velit eos qui asperiores. Accusamus ipsam aliquid maxime sed ut. Voluptas libero laboriosam qui quam sunt.",
      "categories": [
        "comedy"
      ],
      "lang": [
        2,
        3
      ],
      "image": "http://dummyimage.com/150x150/DDDDDD/000000/&text=Harlequin And Angel",
      "date_pub": "2/28/2017",
      "mode": [
        2,
        1
      ]
    },
    {
      "id": "90e85625-dba6-4459-b67d-a516be2fe7d7",
      "title": "Jokes Stalks Me",
      "teaser": "Optio architecto ipsa pariatur aut officia ut. Sit sunt quasi itaque cupiditate sapiente aut quos assumenda. Qui dolorem commodi ut. Consequatur quaerat ut dicta quae eveniet vel voluptas minima.",
      "categories": [
        "comedy"
      ],
      "lang": [
        3
      ],
      "image": "http://dummyimage.com/150x150/DDDDDD/000000/&text=Jokes Stalks Me",
      "date_pub": "2/4/2017",
      "mode": [
        1,
        2
      ]
    },
    {
      "id": "8cd6176b-fa10-4f1e-8a09-5a379db7c5fd",
      "title": "Gags From The River",
      "teaser": "Corporis assumenda deserunt et ratione. Debitis illo inventore sunt corrupti et soluta. Fuga unde tempore eligendi quae earum dolorem earum error incidunt. Enim quibusdam omnis fugit molestiae.",
      "categories": [
        "comedy"
      ],
      "lang": [
        1
      ],
      "image": "http://dummyimage.com/150x150/DDDDDD/000000/&text=Gags From The River",
      "date_pub": "2/18/2017",
      "mode": [
        1
      ]
    },
    {
      "id": "5fff3631-be07-415c-842f-7bb937da932f",
      "title": "Delight Of The Truth",
      "teaser": "Cumque assumenda ipsa consequatur officiis ratione nostrum et dolorem voluptatem. Voluptatem sed aut perspiciatis et non. Explicabo sed tempore et enim facilis.",
      "categories": [
        "comedy"
      ],
      "lang": [
        3
      ],
      "image": "http://dummyimage.com/150x150/DDDDDD/000000/&text=Delight Of The Truth",
      "date_pub": "2/26/2017",
      "mode": [
        1
      ]
    },
    {
      "id": "5fc4851b-b91c-4c6e-aa98-d2c615b86ab4",
      "title": "Hidden By The Idiot",
      "teaser": "Pariatur iure autem et et vel. Qui dolorem numquam voluptatem explicabo aut nam accusantium ea. Quia dolorum ullam ut est omnis dolor iure. Est porro unde quis quia qui sed.",
      "categories": [
        "comedy"
      ],
      "lang": [
        2
      ],
      "image": "http://dummyimage.com/150x150/DDDDDD/000000/&text=Hidden By The Idiot",
      "date_pub": "2/28/2017",
      "mode": [
        1,
        2
      ]
    },
    {
      "id": "f0f969bc-e48c-475c-be5e-bdc8719cac67",
      "title": "Agent Of Stone",
      "teaser": "Inventore sit laudantium iusto temporibus necessitatibus. Eligendi quaerat distinctio id dolores sed nulla id. Nihil dolorum qui reiciendis eius totam recusandae rerum. Accusantium doloribus pariatur et velit dicta animi nam natus. Ad perferendis tempore dolorem asperiores.",
      "categories": [
        "drama"
      ],
      "lang": [
        1,
        2
      ],
      "image": "http://dummyimage.com/150x150/DDDDDD/000000/&text=Agent Of Stone",
      "date_pub": "2/24/2017",
      "mode": [
        1,
        2
      ]
    },
    {
      "id": "d7aa155e-4524-41d7-81a5-0e9346b0bfa4",
      "title": "Bandit Without A Goal",
      "teaser": "Neque vel explicabo accusantium. A laboriosam rem modi qui voluptas. Reiciendis iusto itaque dolores adipisci sit. Modi reprehenderit magni quia sit iste voluptas asperiores. Sed et voluptatibus.",
      "categories": [
        "drama"
      ],
      "lang": [
        3
      ],
      "image": "http://dummyimage.com/150x150/DDDDDD/000000/&text=Bandit Without A Goal",
      "date_pub": "2/28/2017",
      "mode": [
        3
      ]
    },
    {
      "id": "56c17ecd-5c1f-46ba-90cf-e89e4340bc10",
      "title": "Traitors Of Agony",
      "teaser": "Iste illo deleniti. Accusantium fugiat aut. Velit ipsum amet ut reiciendis quibusdam est vitae excepturi sit. Et asperiores eaque molestias quia accusantium consequuntur consequatur ut. Commodi ut eaque sunt minus sequi tempore. Natus cumque fugiat atque eaque.",
      "categories": [
        "drama"
      ],
      "lang": [
        1
      ],
      "image": "http://dummyimage.com/150x150/DDDDDD/000000/&text=Traitors Of Agony",
      "date_pub": "3/1/2017",
      "mode": [
        3
      ]
    },
    {
      "id": "69cc58c8-1463-4903-9a9f-c6732f0333b7",
      "title": "Deputies Of Doom",
      "teaser": "Fugiat reiciendis qui qui ad aut. Impedit aperiam consequatur commodi beatae dolorum velit odio nobis ab. Aliquid iste dolores nostrum dolores cumque. Nobis itaque aspernatur soluta qui iure.",
      "categories": [
        "drama"
      ],
      "lang": [
        3,
        2
      ],
      "image": "http://dummyimage.com/150x150/DDDDDD/000000/&text=Deputies Of Doom",
      "date_pub": "2/12/2017",
      "mode": [
        1
      ]
    },
    {
      "id": "c1817cc3-0bdb-456e-9ed3-8e7c238a3258",
      "title": "Collectors And Friends",
      "teaser": "Voluptas quia sit veritatis dignissimos. Nihil alias accusantium molestiae aut aut. Id modi est rerum aut alias non ut eaque. Quis est aut aut sequi. Voluptas quod illum laborum reiciendis commodi minus.",
      "categories": [
        "drama"
      ],
      "lang": [
        3,
        1
      ],
      "image": "http://dummyimage.com/150x150/DDDDDD/000000/&text=Collectors And Friends",
      "date_pub": "3/1/2017",
      "mode": [
        1,
        2
      ]
    },
    {
      "id": "3dafd14a-bd6c-4475-8e10-ba548c79e90e",
      "title": "Couriers And Warriors",
      "teaser": "Molestiae velit commodi quo corporis qui dolorum sit reiciendis. Cum iste corporis. Iusto officia dolorem dolor quia eum molestiae ab ut et. Nulla fuga dignissimos suscipit temporibus.",
      "categories": [
        "drama"
      ],
      "lang": [
        2,
        1
      ],
      "image": "http://dummyimage.com/150x150/DDDDDD/000000/&text=Couriers And Warriors",
      "date_pub": "8/15/2016",
      "mode": [
        1,
        2
      ]
    },
    {
      "id": "a755a6f5-f7ee-4582-a549-cec8c6701372",
      "title": "Chase Of The Stockades",
      "teaser": "Ut enim et earum quaerat praesentium sint in. Voluptatem et ipsam. Qui a atque exercitationem accusamus perspiciatis quae. Dolorem dolores reprehenderit. Recusandae aut est et velit aut vitae quod. Beatae minima sit.",
      "categories": [
        "drama"
      ],
      "lang": [
        2
      ],
      "image": "http://dummyimage.com/150x150/DDDDDD/000000/&text=Chase Of The Stockades",
      "date_pub": "5/13/2016",
      "mode": [
        3
      ]
    },
    {
      "id": "61f08505-05b2-4058-88f6-81ee7614be99",
      "title": "Execution Of The Plague",
      "teaser": "Assumenda esse quasi. Maiores quasi vitae sed dolore velit at. Sit nulla et. Dolores alias qui eligendi et. Et reprehenderit nisi provident incidunt. Ea consequatur quam debitis consequatur natus tempora ducimus et rerum.",
      "categories": [
        "drama"
      ],
      "lang": [
        3,
        2
      ],
      "image": "http://dummyimage.com/150x150/DDDDDD/000000/&text=Execution Of The Plague",
      "date_pub": "2/18/2017",
      "mode": [
        2
      ]
    },
    {
      "id": "3a872ffa-4535-4934-8689-9422df9c1cb4",
      "title": "Belonging To The Graveyard",
      "teaser": "Rem aut dolorum non libero nihil et voluptas quis. Rerum quia alias magnam tempora aut neque. Sint ipsa recusandae et suscipit soluta perferendis qui dicta ut. Repellat et quis autem. Possimus repellendus repellendus ipsum. Quasi reprehenderit ut qui.",
      "categories": [
        "drama"
      ],
      "lang": [
        2
      ],
      "image": "http://dummyimage.com/150x150/DDDDDD/000000/&text=Belonging To The Graveyard",
      "date_pub": "11/24/2016",
      "mode": [
        1,
        2
      ]
    },
    {
      "id": "5112cc84-f7a3-428c-88ef-f04feaf4237f",
      "title": "Dead At The Town",
      "teaser": "Rerum fuga voluptatibus. Veritatis voluptatibus asperiores. Est et aut non et aut sit ratione dolore. Laudantium nesciunt necessitatibus et. Omnis culpa id. Similique aut autem ex molestias porro perspiciatis rerum omnis.",
      "categories": [
        "drama"
      ],
      "lang": [
        3
      ],
      "image": "http://dummyimage.com/150x150/DDDDDD/000000/&text=Dead At The Town",
      "date_pub": "2/25/2017",
      "mode": [
        1
      ]
    },
    {
      "id": "9f5dd23f-8d19-4883-b647-48f75aa9e8eb",
      "title": "Agent Of Stone",
      "teaser": "Culpa quia repudiandae est. Deleniti rem ratione. Veniam ratione nostrum natus. Omnis odit ipsum accusamus corrupti eius aut eius molestias ut.",
      "categories": [
        "drama"
      ],
      "lang": [
        1
      ],
      "image": "http://dummyimage.com/150x150/DDDDDD/000000/&text=Agent Of Stone",
      "date_pub": "2/26/2017",
      "mode": [
        1,
        2
      ]
    },
    {
      "id": "9410e45c-2391-40f3-a749-3a4baa8b7ace",
      "title": "Bandit Without A Goal",
      "teaser": "Perspiciatis cumque itaque ipsam reiciendis facilis. Culpa commodi inventore quidem ut quis. Itaque amet non vel enim id reprehenderit qui. Consequatur similique aut et quisquam. Ducimus cupiditate et. Libero ipsa exercitationem odio.",
      "categories": [
        "drama"
      ],
      "lang": [
        2,
        3
      ],
      "image": "http://dummyimage.com/150x150/DDDDDD/000000/&text=Bandit Without A Goal",
      "date_pub": "2/7/2017",
      "mode": [
        1,
        2
      ]
    },
    {
      "id": "f5d91490-3b00-4c62-a462-60d34da3fb41",
      "title": "Traitors Of Agony",
      "teaser": "Aut et illum ut et dicta qui dolorum ut magni. Omnis odit ducimus eligendi. Est magnam sed praesentium ab accusamus nemo qui.",
      "categories": [
        "drama"
      ],
      "lang": [
        3
      ],
      "image": "http://dummyimage.com/150x150/DDDDDD/000000/&text=Traitors Of Agony",
      "date_pub": "2/1/2017",
      "mode": [
        1,
        2
      ]
    },
    {
      "id": "b479a606-14d3-4e19-97d8-bb8d1d3c765d",
      "title": "Deputies Of Doom",
      "teaser": "Harum blanditiis libero soluta sit omnis et qui. Facere quis excepturi et veritatis nesciunt et dignissimos. Corrupti dolores ad delectus omnis. Quos voluptate dolor odit odit ea reprehenderit voluptas consectetur et.",
      "categories": [
        "drama"
      ],
      "lang": [
        3
      ],
      "image": "http://dummyimage.com/150x150/DDDDDD/000000/&text=Deputies Of Doom",
      "date_pub": "12/6/2016",
      "mode": [
        2
      ]
    },
    {
      "id": "cdbbc698-11dc-49fb-8802-c034342316cd",
      "title": "Collectors And Friends",
      "teaser": "Eius dolor esse voluptatem et. Optio consequatur laboriosam sint possimus fugit. Et omnis explicabo earum. Sint eos voluptas. Assumenda aut neque esse quia laudantium alias ipsam. Odio dolorum ut sit velit qui animi explicabo.",
      "categories": [
        "drama"
      ],
      "lang": [
        2,
        3
      ],
      "image": "http://dummyimage.com/150x150/DDDDDD/000000/&text=Collectors And Friends",
      "date_pub": "2/23/2017",
      "mode": [
        2
      ]
    },
    {
      "id": "16fd6249-4eae-495c-b184-aa822d1b21a1",
      "title": "Couriers And Warriors",
      "teaser": "Et nam itaque. Corrupti placeat et tenetur aliquid sint labore. Perspiciatis nesciunt esse quis necessitatibus omnis quo.",
      "categories": [
        "drama"
      ],
      "lang": [
        3,
        2
      ],
      "image": "http://dummyimage.com/150x150/DDDDDD/000000/&text=Couriers And Warriors",
      "date_pub": "11/6/2016",
      "mode": [
        2,
        1
      ]
    },
    {
      "id": "8e40f5b7-1f7b-49f0-a4c0-d5c651941ea8",
      "title": "Chase Of The Stockades",
      "teaser": "Architecto qui dolor voluptate magnam. Aperiam cumque molestias provident cumque adipisci. Dicta repellat provident qui nam illo eaque error. Est eveniet soluta repellat aut deleniti dolorem.",
      "categories": [
        "drama"
      ],
      "lang": [
        2
      ],
      "image": "http://dummyimage.com/150x150/DDDDDD/000000/&text=Chase Of The Stockades",
      "date_pub": "9/23/2016",
      "mode": [
        2
      ]
    },
    {
      "id": "360ad92b-a79d-42db-af60-98f21f05c9a3",
      "title": "Execution Of The Plague",
      "teaser": "Aut officia vero quis qui. Labore eaque aut aut impedit nam necessitatibus corporis. Reprehenderit maiores pariatur perferendis autem repellendus nostrum maxime. Aliquid enim voluptas ut minus recusandae odit dolores. Sint nihil recusandae. Voluptate error et.",
      "categories": [
        "drama"
      ],
      "lang": [
        2,
        1
      ],
      "image": "http://dummyimage.com/150x150/DDDDDD/000000/&text=Execution Of The Plague",
      "date_pub": "2/23/2017",
      "mode": [
        2,
        1
      ]
    },
    {
      "id": "baac16aa-14e3-4736-980c-719d5189f80d",
      "title": "Belonging To The Graveyard",
      "teaser": "Autem a odit corrupti distinctio ratione alias sed sint. Possimus sint nesciunt et ea aliquid. Ducimus aut ducimus dolores porro maiores. Placeat tenetur sit ut ut qui. Unde iste nam perspiciatis ipsa est et adipisci rerum. Ipsum eum molestiae quas autem.",
      "categories": [
        "drama"
      ],
      "lang": [
        1,
        2
      ],
      "image": "http://dummyimage.com/150x150/DDDDDD/000000/&text=Belonging To The Graveyard",
      "date_pub": "3/1/2017",
      "mode": [
        3
      ]
    },
    {
      "id": "d71ea4f3-a549-445d-9785-9aa3434a7ad7",
      "title": "Dead At The Town",
      "teaser": "Blanditiis doloribus modi asperiores et distinctio dolorem. Ducimus magni optio. Consequatur quis recusandae rerum ipsa et sunt sit qui. Provident voluptatibus exercitationem iste suscipit dolorem nihil.",
      "categories": [
        "drama"
      ],
      "lang": [
        2
      ],
      "image": "http://dummyimage.com/150x150/DDDDDD/000000/&text=Dead At The Town",
      "date_pub": "2/12/2017",
      "mode": [
        3
      ]
    }
  ]
}